AAN	Aaron's, Inc.
AAOI	Applied Optoelectronics, Inc.
AAON	AAON, Inc.
AAT	American Assets Trust, Inc.
AAWW	Atlas Air Worldwide Holdings, Inc.
AAXN	Axon Enterprise, Inc.
ABCB	Ameris Bancorp
ABEO	Abeona Therapeutics, Inc.
ABG	Asbury Automotive Group, Inc.
ABM	ABM Industries, Inc.
ABTX	Allegiance Bancshares, Inc. (Texas)
AC	Associated Capital Group, Inc.
ACA	Arcosa, Inc.
ACAD	ACADIA Pharmaceuticals, Inc.
ACBI	Atlantic Capital Bancshares, Inc.
ACCO	ACCO Brands Corp.
ACER	Acer Therapeutics, Inc.
ACHN	Achillion Pharmaceuticals, Inc.
ACIA	Acacia Communications, Inc.
ACIW	ACI Worldwide, Inc.
ACLS	Axcelis Technologies, Inc.
ACNB	ACNB Corp.
ACOR	Acorda Therapeutics, Inc.
ACRE	Ares Commercial Real Estate Corp.
ACRS	Aclaris Therapeutics, Inc.
ACRX	AcelRx Pharmaceuticals, Inc.
ACTG	Acacia Research Corp.
ADC	Agree Realty Corp.
ADES	Advanced Emissions Solutions, Inc.
ADMA	ADMA Biologics, Inc.
ADMS	Adamas Pharmaceuticals, Inc.
ADNT	Adient plc
ADRO	Aduro BioTech, Inc.
ADSW	Advanced Disposal Services, Inc.
ADTN	ADTRAN, Inc.
ADUS	Addus HomeCare Corp.
ADVM	Adverum Biotechnologies, Inc.
AEGN	Aegion Corp.
AEIS	Advanced Energy Industries, Inc.
AEL	American Equity Investment Life Holding Co.
AEO	American Eagle Outfitters, Inc.
AERI	Aerie Pharmaceuticals, Inc.
AFI	Armstrong Flooring, Inc.
AFIN	American Finance Trust, Inc.
AFMD	Affimed NV
AGE	AgeX Therapeutics, Inc.
AGEN	Agenus, Inc.
AGLE	Aeglea Biotherapeutics, Inc.
AGM	Federal Agricultural Mortgage Corp.
AGS	PlayAGS, Inc.
AGX	Argan, Inc.
AGYS	Agilysys, Inc.
AHH	Armada Hoffler Properties, Inc.
AHT	Ashford Hospitality Trust, Inc.
AI	Arlington Asset Investment Corp.
AIMC	Altra Industrial Motion Corp.
AIMT	Aimmune Therapeutics, Inc.
AIN	Albany International Corp.
AIR	AAR Corp.
AIRG	Airgain, Inc.
AIT	Applied Industrial Technologies, Inc.
AJRD	Aerojet Rocketdyne Holdings, Inc.
AJX	Great Ajax Corp.
AKBA	Akebia Therapeutics, Inc.
AKCA	Akcea Therapeutics, Inc.
AKR	Acadia Realty Trust
AKRO	Akero Therapeutics, Inc.
AKRX	Akorn, Inc.
AKS	AK Steel Holding Corp.
AKTS	Akoustis Technologies, Inc.
ALBO	Albireo Pharma, Inc.
ALCO	Alico, Inc.
ALDR	Alder Biopharmaceuticals, Inc.
ALDX	Aldeyra Therapeutics, Inc.
ALE	ALLETE, Inc.
ALEC	Alector, Inc.
ALEX	Alexander & Baldwin, Inc.
ALG	Alamo Group, Inc.
ALGT	Allegiant Travel Co.
ALLK	Allakos, Inc.
ALLO	Allogene Therapeutics, Inc.
ALOT	AstroNova, Inc.
ALRM	Alarm.com Holdings, Inc.
ALTM	Altus Midstream Co.
ALTR	Altair Engineering, Inc.
ALX	Alexander's, Inc.
AMAG	AMAG Pharmaceuticals, Inc.
AMAL	Amalgamated Bank
AMBA	Ambarella, Inc.
AMBC	Ambac Financial Group, Inc.
AMC	AMC Entertainment Holdings, Inc.
AMED	Amedisys, Inc.
AMEH	Apollo Medical Holdings, Inc.
AMK	AssetMark Financial Holdings, Inc.
AMKR	Amkor Technology, Inc.
AMN	AMN Healthcare Services, Inc.
AMNB	American National Bankshares, Inc. (Virginia)
AMOT	Allied Motion Technologies, Inc.
AMPH	Amphastar Pharmaceuticals, Inc.
AMRC	Ameresco, Inc.
AMRS	Amyris, Inc.
AMRX	Amneal Pharmaceuticals, Inc.
AMSC	American Superconductor Corp.
AMSF	AMERISAFE, Inc.
AMSWA	American Software, Inc.
AMTB	Amerant Bancorp, Inc.
AMWD	American Woodmark Corp.
ANAB	AnaptysBio, Inc.
ANDE	The Andersons, Inc.
ANF	Abercrombie & Fitch Co.
ANGO	AngioDynamics, Inc.
ANH	Anworth Mortgage Asset Corp.
ANIK	Anika Therapeutics, Inc.
ANIP	ANI Pharmaceuticals, Inc.
AOBC	American Outdoor Brands Corp.
AOSL	Alpha & Omega Semiconductor Ltd.
APAM	Artisan Partners Asset Management, Inc.
APEI	American Public Education, Inc.
APLS	Apellis Pharmaceuticals, Inc.
APOG	Apogee Enterprises, Inc.
APPF	AppFolio, Inc.
APPN	Appian Corp.
APPS	Digital Turbine, Inc.
APTS	Preferred Apartment Communities, Inc.
APYX	Apyx Medical Corp.
AQUA	Evoqua Water Technologies Corp.
ARA	American Renal Associates Holdings, Inc.
ARAY	Accuray, Inc.
ARCB	ArcBest Corp.
ARCH	Arch Coal, Inc.
ARDX	Ardelyx, Inc.
ARES	Ares Management Corp.
ARGO	Argo Group International Holdings Ltd.
ARI	Apollo Commercial Real Estate Finance, Inc.
ARL	American Realty Investors, Inc.
ARLO	Arlo Technologies, Inc.
ARNA	Arena Pharmaceuticals, Inc.
AROC	Archrock, Inc.
AROW	Arrow Financial Corp.
ARQL	ArQule, Inc.
ARR	ARMOUR Residential REIT, Inc.
ARTNA	Artesian Resources Corp.
ARVN	Arvinas, Inc.
ARWR	Arrowhead Pharmaceuticals, Inc.
ASC	Ardmore Shipping Corp.
ASGN	ASGN, Inc.
ASIX	Advansix, Inc.
ASMB	Assembly Biosciences, Inc.
ASNA	Ascena Retail Group, Inc.
ASPS	Altisource Portfolio Solutions SA
ASRT	Assertio Therapeutics, Inc.
ASTE	Astec Industries, Inc.
AT	Atlantic Power Corp.
ATEC	Alphatec Holdings, Inc.
ATEN	A10 Networks, Inc.
ATEX	Anterix, Inc.
ATGE	Adtalem Global Education, Inc.
ATHX	Athersys, Inc.
ATI	Allegheny Technologies, Inc.
ATKR	Atkore International Group, Inc.
ATLO	Ames National Corp.
ATNI	ATN International, Inc.
ATNX	Athenex, Inc.
ATRA	Atara Biotherapeutics, Inc.
ATRC	AtriCure, Inc.
ATRI	Atrion Corp.
ATRO	Astronics Corp.
ATRS	Antares Pharma, Inc.
ATSG	Air Transport Services Group, Inc.
AUB	Atlantic Union Bankshares Corp.
AVA	Avista Corp.
AVAV	AeroVironment, Inc.
AVCO	Avalon GloboCare Corp.
AVD	American Vanguard Corp.
AVDR	Avedro, Inc.
AVID	Avid Technology, Inc.
AVNS	Avanos Medical, Inc.
AVRO	Avrobio, Inc.
AVX	AVX Corp.
AVXL	Anavex Life Sciences Corp.
AVYA	Avaya Holdings Corp.
AWR	American States Water Co.
AX	Axos Financial, Inc.
AXAS	Abraxas Petroleum Corp.
AXDX	Accelerate Diagnostics, Inc.
AXE	Anixter International, Inc.
AXGN	AxoGen, Inc.
AXL	American Axle & Manufacturing Holdings, Inc.
AXLA	Axcella Health, Inc.
AXNX	Axonics Modulation Technologies, Inc.
AXSM	Axsome Therapeutics, Inc.
AXTI	AXT, Inc.
AYR	Aircastle Ltd.
AZZ	AZZ, Inc.
B	Barnes Group, Inc.
BANC	Banc of California, Inc.
BAND	Bandwidth, Inc.
BANF	BancFirst Corp. (Oklahoma)
BANR	Banner Corp.
BATRA	Liberty Media Corp. Liberty Braves
BATRK	Liberty Media Corp. Liberty Braves
BBBY	Bed Bath & Beyond, Inc.
BBCP	Concrete Pumping Holdings, Inc.
BBIO	BridgeBio Pharma, Inc.
BBSI	Barrett Business Services, Inc.
BBX	BBX Capital Corp.
BCBP	BCB Bancorp, Inc.
BCC	Boise Cascade Co.
BCEI	Bonanza Creek Energy, Inc.
BCEL	Atreca, Inc.
BCML	BayCom Corp.
BCO	The Brink's Co.
BCOR	Blucora, Inc.
BCOV	Brightcove, Inc.
BCPC	Balchem Corp.
BCRX	BioCryst Pharmaceuticals, Inc.
BDC	Belden, Inc.
BDGE	Bridge Bancorp, Inc.
BDSI	BioDelivery Sciences International, Inc.
BE	Bloom Energy Corp.
BEAT	BioTelemetry, Inc.
BECN	Beacon Roofing Supply, Inc.
BELFB	Bel Fuse, Inc.
BFC	Bank First Corp.
BFIN	BankFinancial Corp.
BFS	Saul Centers, Inc.
BFST	Business First Bancshares, Inc.
BGG	Briggs & Stratton Corp.
BGS	B&G Foods, Inc.
BGSF	BG Staffing, Inc.
BH	Biglari Holdings, Inc.
BHB	Bar Harbor Bankshares
BHE	Benchmark Electronics, Inc.
BHLB	Berkshire Hills Bancorp, Inc.
BHR	Braemar Hotels & Resorts, Inc.
BHVN	Biohaven Pharmaceutical Holding Co. Ltd.
BIG	Big Lots, Inc.
BIOS	Option Care Health, Inc.
BJ	BJ's Wholesale Club Holdings, Inc.
BJRI	BJ's Restaurants, Inc.
BKD	Brookdale Senior Living, Inc.
BKE	The Buckle, Inc.
BKH	Black Hills Corp.
BL	BlackLine, Inc.
BLBD	Blue Bird Corp.
BLD	TopBuild Corp.
BLDR	Builders FirstSource, Inc.
BLFS	BioLife Solutions, Inc.
BLKB	Blackbaud, Inc.
BLMN	Bloomin' Brands, Inc.
BLX	Banco Latinoamericano de Comercio Exterior SA
BMCH	BMC Stock Holdings, Inc.
BMI	Badger Meter, Inc.
BMRC	Bank of Marin Bancorp
BMTC	Bryn Mawr Bank Corp.
BNED	Barnes & Noble Education, Inc.
BNFT	Benefitfocus, Inc.
BOCH	Bank of Commerce Holdings
BOLD	Audentes Therapeutics, Inc.
BOMN	Boston Omaha Corp.
BOOM	DMC Global, Inc.
BOOT	Boot Barn Holdings, Inc.
BOX	Box, Inc.
BPFH	Boston Private Financial Holdings, Inc.
BPMC	Blueprint Medicines Corp.
BPRN	The Bank of Princeton
BRC	Brady Corp.
BREW	Craft Brew Alliance, Inc.
BRG	Bluerock Residential Growth REIT, Inc.
BRID	Bridgford Foods Corp.
BRKL	Brookline Bancorp, Inc.
BRKS	Brooks Automation, Inc.
BRT	BRT Apartments Corp.
BRY	Berry Corp.
BSET	Bassett Furniture Industries, Inc.
BSGM	BioSig Technologies, Inc.
BSIG	BrightSphere Investment Group, Inc.
BSRR	Sierra Bancorp
BSTC	Biospecifics Technologies Corp.
BSVN	Bank7 Corp.
BTAI	BioXcel Therapeutics, Inc.
BTU	Peabody Energy Corp.
BUSE	First Busey Corp.
BV	BrightView Holdings, Inc.
BWB	Bridgewater Bancshares, Inc.
BWFG	Bankwell Financial Group, Inc.
BXC	BlueLinx Holdings, Inc.
BXG	Bluegreen Vacations Corp.
BXMT	Blackstone Mortgage Trust, Inc.
BXS	BancorpSouth Bank
BY	Byline Bancorp, Inc.
BYD	Boyd Gaming Corp.
BYSI	BeyondSpring, Inc.
BZH	Beazer Homes USA, Inc.
CAC	Camden National Corp. (Maine)
CADE	Cadence Bancorporation
CAI	CAI International, Inc.
CAKE	Cheesecake Factory, Inc.
CAL	Caleres, Inc.
CALA	Calithera Biosciences, Inc.
CALM	Cal-Maine Foods, Inc.
CALX	Calix, Inc.
CAMP	CalAmp Corp.
CAR	Avis Budget Group, Inc.
CARA	CARA Therapeutics, Inc.
CARB	Carbonite, Inc.
CARE	Carter Bank & Trust
CARG	Cargurus, Inc.
CARO	Carolina Financial Corp.
CARS	Cars.com, Inc.
CASA	Casa Systems, Inc.
CASH	Meta Financial Group, Inc.
CASI	CASI Pharmaceuticals, Inc.
CASS	Cass Information Systems, Inc.
CATC	Cambridge Bancorp
CATM	Cardtronics plc
CATO	The Cato Corp.
CATS	Catasys, Inc.
CATY	Cathay General Bancorp
CBAN	Colony Bankcorp, Inc.
CBAY	CymaBay Therapeutics, Inc.
CBB	Cincinnati Bell, Inc.
CBL	CBL & Associates Properties, Inc.
CBLK	Carbon Black, Inc. (Massachusetts)
CBM	Cambrex Corporation
CBMG	Cellular Biomedicine Group, Inc.
CBNK	Capital Bancorp, Inc. (Maryland)
CBPX	Continental Building Products, Inc.
CBRL	Cracker Barrel Old Country Store, Inc.
CBTX	CBTX, Inc. (Texas)
CBU	Community Bank System, Inc.
CBZ	CBIZ, Inc.
CCB	Coastal Financial Corp. (Washington)
CCBG	Capital City Bank Group, Inc.
CCF	Chase Corp.
CCMP	Cabot Microelectronics Corp.
CCNE	CNB Financial Corp. (Pennsylvania)
CCO	Clear Channel Outdoor Holdings, Inc.
CCOI	Cogent Communications Holdings, Inc.
CCRN	Cross Country Healthcare, Inc.
CCS	Century Communities, Inc.
CCXI	ChemoCentryx, Inc.
CDE	Coeur Mining, Inc.
CDLX	Cardlytics, Inc.
CDMO	Avid Bioservices, Inc.
CDNA	CareDx, Inc.
CDR	Cedar Realty Trust, Inc.
CDXC	Chromadex Corp.
CDXS	Codexis, Inc.
CDZI	Cadiz, Inc.
CECE	CECO Environmental Corp.
CECO	Career Education Corp.
CEIX	CONSOL Energy, Inc.
CELC	Celcuity, Inc.
CELH	Celsius Holdings, Inc.
CENT	Central Garden & Pet Co.
CENTA	Central Garden & Pet Co.
CENX	Century Aluminum Co.
CERC	Cerecor, Inc.
CERS	Cerus Corp.
CETV	Central European Media Enterprises Ltd.
CEVA	CEVA, Inc.
CFB	CrossFirst Bankshares, Inc.
CFFI	C&F Financial Corp.
CFFN	Capitol Federal Financial, Inc.
CFMS	ConforMIS, Inc.
CHAP	Chaparral Energy, Inc.
CHCO	City Holding Co.
CHCT	Community Healthcare Trust, Inc.
CHDN	Churchill Downs, Inc.
CHEF	The Chefs' Warehouse, Inc.
CHGG	Chegg, Inc.
CHMA	Chiasma, Inc.
CHMG	Chemung Financial Corp.
CHMI	Cherry Hill Mortgage Investment Corp.
CHRA	Charah Solutions, Inc.
CHRS	Coherus BioSciences, Inc.
CHS	Chico's FAS, Inc.
CHUY	Chuy's Holdings, Inc.
CIA	Citizens, Inc. (Austin, Texas)
CIO	City Office REIT, Inc.
CIR	CIRCOR International, Inc.
CISN	Cision Ltd.
CIVB	Civista Bancshares, Inc.
CIX	CompX International, Inc.
CJ	C&J Energy Services, Inc.
CKH	SEACOR Holdings, Inc.
CKPT	Checkpoint Therapeutics, Inc.
CLAR	Clarus Corp.
CLBK	Columbia Financial, Inc.
CLCT	Collectors Universe, Inc.
CLDR	Cloudera, Inc.
CLDT	Chatham Lodging Trust
CLF	Cleveland-Cliffs, Inc.
CLFD	Clearfield, Inc.
CLI	Mack-Cali Realty Corp.
CLNC	Colony Credit Real Estate, Inc.
CLNE	Clean Energy Fuels Corp.
CLPR	Clipper Realty, Inc.
CLVS	Clovis Oncology, Inc.
CLW	Clearwater Paper Corp.
CLXT	Calyxt, Inc.
CMBM	Cambium Networks Corp.
CMC	Commercial Metals Co.
CMCO	Columbus McKinnon Corp.
CMCT	CIM Commercial Trust Corp.
CMLS	Cumulus Media, Inc.
CMO	Capstead Mortgage Corp.
CMP	Compass Minerals International, Inc.
CMPR	Cimpress Plc
CMRE	Costamare, Inc.
CMRX	Chimerix, Inc.
CMTL	Comtech Telecommunications Corp.
CNBKA	Century Bancorp, Inc. (Massachusetts)
CNCE	Concert Pharmaceuticals, Inc.
CNDT	Conduent, Inc.
CNMD	CONMED Corp.
CNNE	Cannae Holdings, Inc.
CNO	CNO Financial Group, Inc.
CNOB	ConnectOne Bancorp, Inc.
CNR	Cornerstone Building Brands, Inc.
CNS	Cohen & Steers, Inc. (New York)
CNSL	Consolidated Communications Holdings, Inc.
CNST	Constellation Pharmaceuticals, Inc.
CNTY	Century Casinos, Inc.
CNX	CNX Resources Corp.
CNXN	PC Connection, Inc.
CODA	Coda Octopus Group, Inc.
COHU	Cohu, Inc.
COKE	Coca-Cola Consolidated, Inc.
COLB	Columbia Banking System, Inc.
COLL	Collegium Pharmaceutical, Inc.
CONN	Conn's, Inc.
COOP	Mr. Cooper Group, Inc.
CORE	Core-Mark Holding Co., Inc.
CORR	CorEnergy Infrastructure Trust, Inc.
CORT	Corcept Therapeutics, Inc.
COWN	Cowen, Inc.
CPE	Callon Petroleum Co.
CPF	Central Pacific Financial Corp.
CPK	Chesapeake Utilities Corp.
CPLG	CorePoint Lodging, Inc.
CPRX	Catalyst Pharmaceuticals, Inc.
CPS	Cooper-Standard Holdings, Inc.
CPSI	Computer Programs & Systems, Inc.
CRAI	CRA International, Inc.
CRBP	Corbus Pharmaceuticals Holdings, Inc.
CRC	California Resources Corp.
CRCM	Care.com, Inc.
CRD.A	Crawford & Co.
CRK	Comstock Resources, Inc.
CRMD	CorMedix, Inc.
CRMT	America's Car-Mart, Inc.
CRNX	Crinetics Pharmaceuticals, Inc.
CROX	Crocs, Inc.
CRS	Carpenter Technology Corp.
CRTX	Cortexyme, Inc.
CRUS	Cirrus Logic, Inc.
CRVL	CorVel Corp.
CRY	CryoLife, Inc.
CRZO	Carrizo Oil & Gas, Inc.
CSFL	CenterState Bank Corp.
CSGS	CSG Systems International, Inc.
CSII	Cardiovascular Systems, Inc.
CSLT	Castlight Health, Inc.
CSOD	Cornerstone OnDemand, Inc.
CSTE	Caesarstone Ltd.
CSTL	Castle Biosciences, Inc.
CSTR	CapStar Financial Holdings, Inc.
CSV	Carriage Services, Inc.
CSWI	CSW Industrials, Inc.
CTB	Cooper Tire & Rubber Co.
CTBI	Community Trust Bancorp, Inc. (Kentucky)
CTMX	CytomX Therapeutics, Inc.
CTO	Consolidated-Tomoka Land Co.
CTRA	Contura Energy, Inc.
CTRC	Centric Brands, Inc.
CTRE	CareTrust REIT, Inc.
CTRN	Citi Trends, Inc.
CTS	CTS Corp.
CTSO	CytoSorbents Corp.
CTT	CatchMark Timber Trust, Inc.
CTWS	Connecticut Water Service, Inc.
CUB	Cubic Corp.
CUBI	Customers Bancorp, Inc.
CUE	Cue Biopharma, Inc.
CULP	Culp, Inc.
CURO	CURO Group Holdings Corp.
CUTR	Cutera, Inc.
CVA	Covanta Holding Corp.
CVBF	CVB Financial Corp.
CVCO	Cavco Industries, Inc.
CVCY	Central Valley Community Bancorp
CVGI	Commercial Vehicle Group, Inc.
CVGW	Calavo Growers, Inc.
CVI	CVR Energy, Inc.
CVIA	Covia Holdings Corp.
CVLT	Commvault Systems, Inc.
CVLY	Codorus Valley Bancorp, Inc.
CVM	CEL-SCI Corp.
CVRS	Corindus Vascular Robotics, Inc.
CVTI	Covenant Transportation Group, Inc.
CWCO	Consolidated Water Co. Ltd.
CWEN	Clearway Energy, Inc.
CWEN.A	Clearway Energy, Inc.
CWH	Camping World Holdings, Inc.
CWK	Cushman & Wakefield Plc
CWST	Casella Waste Systems, Inc.
CWT	California Water Service Group
CXW	CoreCivic, Inc.
CYCN	Cyclerion Therapeutics, Inc.
CYH	Community Health Systems, Inc.
CYRX	CryoPort, Inc.
CYTK	Cytokinetics, Inc.
CZNC	Citizens & Northern Corp.
DAKT	Daktronics, Inc.
DAN	Dana, Inc.
DAR	Darling Ingredients, Inc.
DBD	Diebold Nixdorf, Inc.
DBI	Designer Brands, Inc.
DCO	Ducommun, Inc.
DCOM	Dime Community Bancshares, Inc.
DCPH	Deciphera Pharmaceuticals, Inc.
DDD	3D Systems Corp.
DDS	Dillard's, Inc.
DEA	Easterly Government Properties, Inc.
DECK	Deckers Outdoor Corp.
DENN	Denny's Corp.
DERM	Dermira, Inc.
DF	Dean Foods Co.
DFIN	Donnelley Financial Solutions, Inc.
DGICA	Donegal Group, Inc.
DGII	Digi International, Inc.
DHIL	Diamond Hill Investment Group, Inc.
DHT	DHT Holdings, Inc.
DHX	DHI Group, Inc.
DIN	Dine Brands Global, Inc.
DIOD	Diodes, Inc.
DJCO	Daily Journal Corp.
DK	Delek US Holdings, Inc.
DLA	Delta Apparel, Inc.
DLTH	Duluth Holdings, Inc.
DLX	Deluxe Corp.
DMRC	Digimarc Corp.
DNBF	DNB Financial Corporation
DNLI	Denali Therapeutics, Inc.
DNOW	NOW, Inc.
DNR	Denbury Resources, Inc.
DO	Diamond Offshore Drilling, Inc.
DOC	Physicians Realty Trust
DOMO	Domo, Inc.
DOOR	Masonite International Corp.
DORM	Dorman Products, Inc.
DOVA	Dova Pharmaceuticals, Inc.
DPLO	Diplomat Pharmacy, Inc.
DRH	DiamondRock Hospitality Co.
DRNA	Dicerna Pharmaceuticals, Inc.
DRQ	Dril-Quip, Inc.
DS	Drive Shack, Inc.
DSKE	Daseke, Inc.
DSPG	DSP Group, Inc.
DSSI	Diamond S Shipping, Inc.
DTIL	Precision BioSciences, Inc.
DVAX	Dynavax Technologies Corp.
DX	Dynex Capital, Inc.
DXPE	DXP Enterprises, Inc.
DY	Dycom Industries, Inc.
DZSI	DASAN Zhone Solutions Inc.
EAT	Brinker International, Inc.
EB	Eventbrite, Inc.
EBF	Ennis, Inc.
EBIX	Ebix, Inc.
EBS	Emergent BioSolutions, Inc.
EBSB	Meridian Bancorp, Inc.
EBTC	Enterprise Bancorp, Inc.
ECHO	Echo Global Logistics, Inc.
ECOL	US Ecology, Inc.
ECOM	ChannelAdvisor Corp.
ECOR	electroCore, Inc.
ECPG	Encore Capital Group, Inc.
EDIT	Editas Medicine, Inc.
EE	El Paso Electric Co.
EEX	Emerald Holding, Inc.
EFC	Ellington Financial, Inc.
EFSC	Enterprise Financial Services Corp.
EGAN	eGain Corp.
EGBN	Eagle Bancorp, Inc. (Maryland)
EGHT	8x8, Inc.
EGLE	Eagle Bulk Shipping, Inc.
EGOV	NIC, Inc.
EGP	EastGroup Properties, Inc.
EGRX	Eagle Pharmaceuticals, Inc.
EHTH	eHealth, Inc.
EIDX	Eidos Therapeutics, Inc.
EIG	Employers Holdings, Inc.
EIGI	Endurance International Group Holdings, Inc.
EIGR	Eiger BioPharmaceuticals, Inc.
ELF	e.l.f. Beauty, Inc.
ELOX	Eloxx Pharmaceuticals, Inc.
ELVT	Elevate Credit, Inc.
ELY	Callaway Golf Co.
EME	EMCOR Group, Inc.
EML	The Eastern Co.
ENDP	Endo International Plc
ENFC	Entegra Financial Corp.
ENOB	Enochian Biosciences, Inc.
ENPH	Enphase Energy, Inc.
ENS	EnerSys
ENSG	The Ensign Group, Inc.
ENTA	Enanta Pharmaceuticals, Inc.
ENV	Envestnet, Inc.
ENVA	Enova International, Inc.
ENZ	Enzo Biochem, Inc.
EOLS	Evolus, Inc.
EPAY	Bottomline Technologies, Inc.
EPC	Edgewell Personal Care Co.
EPM	Evolution Petroleum Corp.
EPRT	Essential Properties Realty Trust, Inc.
EPZM	Epizyme, Inc.
EQBK	Equity Bancshares, Inc.
ERA	Era Group, Inc.
ERI	Eldorado Resorts, Inc.
ERII	Energy Recovery, Inc.
EROS	Eros International Plc
ESCA	Escalade, Inc.
ESE	ESCO Technologies, Inc.
ESGR	Enstar Group Ltd.
ESNT	Essent Group Ltd.
ESPR	Esperion Therapeutics, Inc.
ESQ	Esquire Financial Holdings, Inc.
ESSA	ESSA Bancorp, Inc.
ESTE	Earthstone Energy, Inc.
ESXB	Community Bankers Trust Corp.
ETH	Ethan Allen Interiors, Inc.
ETM	Entercom Communications Corp.
EVBG	Everbridge, Inc.
EVBN	Evans Bancorp, Inc.
EVC	Entravision Communications Corp.
EVER	EverQuote, Inc.
EVFM	Evofem Biosciences, Inc.
EVH	Evolent Health, Inc.
EVI	EVI Industries, Inc.
EVLO	Evelo Biosciences, Inc.
EVOP	EVO Payments, Inc.
EVRI	Everi Holdings, Inc.
EVTC	EVERTEC, Inc.
EXLS	ExlService Holdings, Inc.
EXPI	eXp World Holdings, Inc.
EXPO	Exponent, Inc.
EXPR	Express, Inc.
EXTN	Exterran Corp.
EXTR	Extreme Networks, Inc.
EYE	National Vision Holdings, Inc.
EYPT	EyePoint Pharmaceuticals, Inc.
EZPW	EZCORP, Inc.
FARM	Farmer Brothers Co.
FARO	FARO Technologies, Inc.
FATE	Fate Therapeutics, Inc.
FBC	Flagstar Bancorp, Inc.
FBIZ	First Business Financial Services, Inc.
FBK	FB Financial Corp.
FBM	Foundation Building Materials, Inc.
FBMS	The First Bancshares, Inc. (Mississippi)
FBNC	First Bancorp (North Carolina)
FBP	First BanCorp (Puerto Rico)
FC	Franklin Covey Co.
FCAP	First Capital, Inc.
FCBC	First Community Bancshares, Inc. (Virginia)
FCBP	First Choice Bancorp (California)
FCCY	1st Constitution Bancorp
FCF	First Commonwealth Financial Corp. (Pennsylvania)
FCFS	FirstCash, Inc.
FCN	FTI Consulting, Inc.
FCPT	Four Corners Property Trust, Inc.
FDBC	Fidelity D&D Bancorp, Inc.
FDEF	First Defiance Financial Corp.
FDP	Fresh Del Monte Produce, Inc.
FELE	Franklin Electric Co., Inc.
FET	Forum Energy Technologies, Inc.
FF	FutureFuel Corp.
FFBC	First Financial Bancorp (Ohio)
FFG	FBL Financial Group, Inc.
FFIC	Flushing Financial Corp.
FFIN	First Financial Bankshares, Inc.
FFNW	First Financial Northwest, Inc.
FFWM	First Foundation, Inc.
FG	FGL Holdings
FGBI	First Guaranty Bancshares, Inc.
FGEN	FibroGen, Inc.
FI	Frank's International NV
FIBK	First Interstate BancSystem, Inc. (Montana)
FII	Federated Investors, Inc.
FISI	Financial Institutions, Inc.
FIT	Fitbit, Inc.
FIVN	Five9, Inc.
FIX	Comfort Systems USA, Inc.
FIXX	Homology Medicines, Inc.
FIZZ	National Beverage Corp.
FLDM	Fluidigm Corp.
FLIC	The First of Long Island Corp.
FLMN	Falcon Minerals Corp.
FLNT	Fluent, Inc.
FLOW	SPX Flow, Inc.
FLWS	1-800-FLOWERS.COM, Inc.
FLXN	Flexion Therapeutics, Inc.
FLXS	Flexsteel Industries, Inc.
FMAO	Farmers & Merchants Bancorp, Inc. (Ohio)
FMBH	First Mid Bancshares, Inc.
FMBI	First Midwest Bancorp, Inc. (Illinois)
FMNB	Farmers National Banc Corp.
FN	Fabrinet
FNCB	FNCB Bancorp, Inc.
FNHC	FedNat Holding Co.
FNKO	Funko, Inc.
FNLC	The First Bancorp, Inc. (Maine)
FNWB	First Northwest Bancorp (Washington)
FOCS	Focus Financial Partners, Inc.
FOE	Ferro Corp.
FOLD	Amicus Therapeutics, Inc.
FOR	Forestar Group, Inc.
FORM	FormFactor, Inc.
FORR	Forrester Research, Inc.
FOSL	Fossil Group, Inc.
FOXF	Fox Factory Holding Corp.
FPI	Farmland Partners, Inc.
FPRX	Five Prime Therapeutics, Inc.
FR	First Industrial Realty Trust, Inc.
FRAC	Keane Group, Inc.
FRAF	Franklin Financial Services Corp. (Pennsylvania)
FRBA	First Bank (Hamilton, New Jersey)
FRBK	Republic First Bancorp, Inc.
FRGI	Fiesta Restaurant Group, Inc.
FRME	First Merchants Corp. (Indiana)
FRPH	FRP Holdings, Inc.
FRPT	Freshpet Inc.
FRTA	Forterra, Inc.
FSB	Franklin Financial Network, Inc.
FSBW	FS Bancorp, Inc.
FSCT	ForeScout Technologies, Inc.
FSP	Franklin Street Properties Corp.
FSS	Federal Signal Corp.
FSTR	L.B. Foster Co.
FTK	Flotek Industries, Inc.
FTR	Frontier Communications Corp.
FTSI	FTS International, Inc.
FTSV	Forty Seven, Inc.
FUL	H.B. Fuller Co.
FULC	Fulcrum Therapeutics, Inc.
FULT	Fulton Financial Corp.
FVCB	FVCBankcorp, Inc.
FWRD	Forward Air Corp.
GABC	German American Bancorp, Inc.
GAIA	Gaia, Inc.
GALT	Galectin Therapeutics, Inc.
GATX	GATX Corp.
GBCI	Glacier Bancorp, Inc.
GBL	GAMCO Investors, Inc.
GBLI	Global Indemnity Ltd.
GBT	Global Blood Therapeutics, Inc.
GBX	Greenbrier Cos., Inc.
GCAP	GAIN Capital Holdings, Inc.
GCBC	Greene County Bancorp, Inc.
GCI	Gannett Co., Inc.
GCO	Genesco, Inc.
GCP	GCP Applied Technologies, Inc.
GDEN	Golden Entertainment, Inc.
GDOT	Green Dot Corp.
GDP	Goodrich Petroleum Corp.
GEF	Greif, Inc.
GEF.B	Greif, Inc.
GEN	Genesis Healthcare, Inc.
GENC	Gencor Industries, Inc.
GEO	The GEO Group, Inc.
GEOS	Geospace Technologies Corp.
GERN	Geron Corp.
GES	Guess?, Inc.
GFF	Griffon Corp.
GFN	General Finance Corp.
GHDX	Genomic Health, Inc.
GHL	Greenhill & Co., Inc.
GHM	Graham Corp.
GIII	G-III Apparel Group Ltd.
GKOS	Glaukos Corp.
GLDD	Great Lakes Dredge & Dock Corp.
GLNG	Golar LNG Ltd.
GLOG	GasLog Ltd.
GLRE	Greenlight Capital Re Ltd.
GLT	P.H. Glatfelter Co.
GLUU	Glu Mobile, Inc.
GLYC	GlycoMimetics, Inc.
GME	GameStop Corp.
GMED	Globus Medical, Inc.
GMRE	Global Medical REIT, Inc.
GMS	GMS, Inc.
GNC	GNC Holdings, Inc.
GNE	Genie Energy Ltd.
GNK	Genco Shipping & Trading Ltd.
GNL	Global Net Lease, Inc.
GNLN	Greenlane Holdings, Inc.
GNMK	GenMark Diagnostics, Inc.
GNRC	Generac Holdings, Inc.
GNTY	Guaranty Bancshares, Inc. (Texas)
GNW	Genworth Financial, Inc.
GOGO	Gogo, Inc.
GOLF	Acushnet Holdings Corp.
GOOD	Gladstone Commercial Corp.
GORO	Gold Resource Corp.
GOSS	Gossamer Bio, Inc.
GPI	Group 1 Automotive, Inc.
GPMT	Granite Point Mortgage Trust, Inc.
GPOR	Gulfport Energy Corp.
GPRE	Green Plains, Inc.
GPRO	GoPro, Inc.
GPX	GP Strategies Corp.
GRBK	Green Brick Partners, Inc.
GRC	The Gorman-Rupp Co.
GRIF	Griffin Industrial Realty, Inc.
GRPN	Groupon, Inc.
GRTS	Gritstone Oncology, Inc.
GSBC	Great Southern Bancorp, Inc. (Missouri)
GSHD	Goosehead Insurance, Inc.
GSIT	GSI Technology, Inc.
GTHX	G1 Therapeutics, Inc.
GTLS	Chart Industries, Inc.
GTN	Gray Television, Inc.
GTS	Triple-S Management Corp.
GTT	GTT Communications, Inc.
GTY	Getty Realty Corp.
GTYH	GTY Technology Holdings, Inc.
GVA	Granite Construction, Inc.
GWB	Great Western Bancorp, Inc. (South Dakota)
GWGH	GWG Holdings, Inc.
GWRS	Global Water Resources, Inc.
HA	Hawaiian Holdings, Inc.
HABT	The Habit Restaurants, Inc.
HAE	Haemonetics Corp.
HAFC	Hanmi Financial Corp.
HALL	Hallmark Financial Services, Inc.
HALO	Halozyme Therapeutics, Inc.
HARP	Harpoon Therapeutics, Inc.
HASI	Hannon Armstrong Sustainable Infrastructure Capital, Inc.
HAYN	Haynes International, Inc.
HBB	Hamilton Beach Brands Holding Co.
HBCP	Home Bancorp, Inc.
HBMD	Howard Bancorp, Inc. (Maryland)
HBNC	Horizon Bancorp, Inc. (Indiana)
HCAT	Health Catalyst, Inc.
HCC	Warrior Met Coal, Inc.
HCCI	Heritage-Crystal Clean, Inc.
HCI	HCI Group, Inc.
HCKT	The Hackett Group, Inc.
HCSG	Healthcare Services Group, Inc.
HEES	H&E Equipment Services, Inc.
HELE	Helen of Troy Ltd.
HFFG	HF Foods Group, Inc.
HFWA	Heritage Financial Corp. (Washington)
HI	Hillenbrand, Inc.
HIBB	Hibbett Sports, Inc.
HIFS	Hingham Institution for Savings
HIIQ	Health Insurance Innovations, Inc.
HL	Hecla Mining Co.
HLI	Houlihan Lokey, Inc.
HLIO	Helios Technologies, Inc.
HLIT	Harmonic, Inc.
HLNE	Hamilton Lane, Inc.
HLX	Helix Energy Solutions Group, Inc.
HMHC	Houghton Mifflin Harcourt Co.
HMN	Horace Mann Educators Corp.
HMST	HomeStreet, Inc.
HMSY	HMS Holdings Corp.
HMTV	Hemisphere Media Group, Inc.
HNGR	Hanger, Inc.
HNI	HNI Corp.
HNRG	Hallador Energy Co.
HOFT	Hooker Furniture Corp.
HOMB	Home Bancshares, Inc. (Arkansas)
HOME	At Home Group, Inc.
HONE	HarborOne Bancorp, Inc.
HOOK	HOOKIPA Pharma, Inc.
HOPE	Hope Bancorp, Inc.
HPR	HighPoint Resources Corp.
HQY	HealthEquity, Inc.
HR	Healthcare Realty Trust, Inc.
HRI	Herc Holdings, Inc.
HRTG	Heritage Insurance Holdings, Inc.
HRTX	Heron Therapeutics, Inc.
HSC	Harsco Corp.
HSII	Heidrick & Struggles International, Inc.
HSKA	Heska Corp.
HSTM	HealthStream, Inc.
HT	Hersha Hospitality Trust
HTBI	HomeTrust Bancshares, Inc.
HTBK	Heritage Commerce Corp.
HTH	Hilltop Holdings, Inc.
HTLD	Heartland Express, Inc.
HTLF	Heartland Financial USA, Inc.
HTZ	Hertz Global Holdings, Inc.
HUBG	Hub Group, Inc.
HUD	Hudson Ltd.
HURC	Hurco Cos., Inc.
HURN	Huron Consulting Group, Inc.
HVT	Haverty Furniture Cos., Inc.
HWBK	Hawthorn Bancshares, Inc.
HWC	Hancock Whitney Corp.
HWKN	Hawkins, Inc.
HY	Hyster-Yale Materials Handling, Inc.
HZO	MarineMax, Inc.
I	Intelsat SA
IBCP	Independent Bank Corp. (Michigan)
IBKC	IBERIABANK Corp.
IBOC	International Bancshares Corp.
IBP	Installed Building Products, Inc.
IBTX	Independent Bank Group, Inc.
ICD	Independence Contract Drilling, Inc.
ICFI	ICF International, Inc.
ICHR	Ichor Holdings Ltd.
ICPT	Intercept Pharmaceuticals, Inc.
IDCC	InterDigital, Inc.
IDEX	Ideanomics, Inc.
IDT	IDT Corp.
IESC	IES Holdings, Inc.
IHC	Independence Holding Co.
III	Information Services Group, Inc.
IIIN	Insteel Industries, Inc.
IIIV	i3 Verticals, Inc.
IIN	Intricon Corp.
IIPR	Innovative Industrial Properties, Inc.
IIVI	II-VI, Inc.
ILPT	Industrial Logistics Properties Trust
IMAX	IMAX Corp.
IMGN	ImmunoGen, Inc.
IMKTA	Ingles Markets, Inc.
IMMR	Immersion Corp.
IMMU	Immunomedics, Inc.
IMXI	International Money Express, Inc.
INBK	First Internet Bancorp
INDB	Independent Bank Corp. (Massachusetts)
INFN	Infinera Corp.
INGN	Inogen, Inc.
INN	Summit Hotel Properties, Inc.
INO	Inovio Pharmaceuticals, Inc.
INOV	Inovalon Holdings, Inc.
INS	Intelligent Systems Corp.
INSE	Inspired Entertainment, Inc.
INSG	Inseego Corp.
INSM	Insmed, Inc.
INSP	Inspire Medical Systems, Inc.
INST	Instructure, Inc.
INSW	International Seaways, Inc.
INT	World Fuel Services Corp.
INTL	INTL FCStone, Inc.
INVA	Innoviva, Inc.
INWK	InnerWorkings, Inc.
IOSP	Innospec, Inc.
IOTS	Adesto Technologies Corp.
IOVA	Iovance Biotherapeutics, Inc.
IPAR	Inter Parfums, Inc.
IPHI	Inphi Corp.
IPHS	Innophos Holdings, Inc.
IPI	Intrepid Potash, Inc.
IRBT	iRobot Corp.
IRDM	Iridium Communications, Inc.
IRET	Investors Real Estate Trust
IRMD	IRadimed Corp.
IRT	Independence Realty Trust, Inc.
IRTC	iRhythm Technologies, Inc.
IRWD	Ironwood Pharmaceuticals, Inc.
ISBC	Investors Bancorp, Inc. (New Jersey)
ISCA	International Speedway Corp.
ISRL	Isramco, Inc.
ISTR	Investar Holding Corp.
ITCI	Intra-Cellular Therapies, Inc.
ITGR	Integer Holdings Corp.
ITI	Iteris, Inc.
ITIC	Investors Title Co.
ITRI	Itron, Inc.
IVC	Invacare Corp.
IVR	Invesco Mortgage Capital, Inc.
JACK	Jack in the Box, Inc.
JAG	Jagged Peak Energy, Inc.
JAX	J. Alexander's Holdings, Inc.
JBSS	John B. Sanfilippo & Son, Inc.
JBT	John Bean Technologies Corp.
JCAP	Jernigan Capital, Inc.
JCOM	J2 Global, Inc.
JCP	J. C. Penney Co., Inc.
JELD	JELD-WEN Holding, Inc.
JILL	J.Jill, Inc.
JJSF	J&J Snack Foods Corp.
JNCE	Jounce Therapeutics, Inc.
JOE	The St. Joe Co.
JOUT	Johnson Outdoors, Inc.
JRVR	James River Group Holdings Ltd.
JYNT	The Joint Corp. (United States)
KAI	Kadant, Inc.
KALA	Kala Pharmaceuticals, Inc.
KALU	Kaiser Aluminum Corp.
KALV	KalVista Pharmaceuticals, Inc.
KAMN	Kaman Corp.
KBAL	Kimball International, Inc.
KBH	KB Home
KBR	KBR, Inc.
KDMN	Kadmon Holdings, Inc.
KE	Kimball Electronics, Inc.
KELYA	Kelly Services, Inc.
KEM	KEMET Corp.
KFRC	Kforce, Inc.
KFY	Korn Ferry
KIDS	OrthoPediatrics Corp.
KIN	Kindred Biosciences, Inc.
KLDO	Kaleido Biosciences, Inc.
KLXE	KLX Energy Services Holdings, Inc.
KMT	Kennametal, Inc.
KN	Knowles Corp.
KNL	Knoll, Inc.
KNSA	Kiniksa Pharmaceuticals Ltd.
KNSL	Kinsale Capital Group, Inc.
KOD	Kodiak Sciences, Inc.
KOP	Koppers Holdings, Inc.
KPTI	Karyopharm Therapeutics, Inc.
KRA	Kraton Corp.
KREF	KKR Real Estate Finance Trust, Inc.
KRG	Kite Realty Group Trust
KRNY	Kearny Financial Corp.
KRO	Kronos Worldwide, Inc.
KRTX	Karuna Therapeutics, Inc.
KRUS	Kura Sushi USA, Inc.
KRYS	Krystal Biotech, Inc.
KTB	Kontoor Brands, Inc.
KTOS	Kratos Defense & Security Solutions, Inc.
KURA	Kura Oncology, Inc.
KVHI	KVH Industries, Inc. (Delaware)
KW	Kennedy-Wilson Holdings, Inc.
KWR	Quaker Chemical Corp.
KZR	Kezar Life Sciences, Inc.
LAD	Lithia Motors, Inc.
LADR	Ladder Capital Corp.
LANC	Lancaster Colony Corp.
LAND	Gladstone Land Corp.
LASR	nLIGHT, Inc.
LAUR	Laureate Education, Inc.
LAWS	Lawson Products, Inc.
LBAI	Lakeland Bancorp, Inc.
LBC	Luther Burbank Corp.
LBRT	Liberty Oilfield Services, Inc.
LC	LendingClub Corp.
LCI	Lannett Co., Inc.
LCII	LCI Industries
LCNB	LCNB Corp.
LCTX	Lineage Cell Therapeutics, Inc.
LCUT	Lifetime Brands, Inc.
LDL	Lydall, Inc.
LE	Lands' End, Inc.
LEAF	Leaf Group Ltd.
LEE	Lee Enterprises, Inc.
LEGH	Legacy Housing Corp.
LEVL	Level One Bancorp, Inc.
LFVN	LifeVantage Corp.
LGIH	LGI Homes, Inc.
LGND	Ligand Pharmaceuticals, Inc.
LHCG	LHC Group, Inc.
LILA	Liberty Latin America Ltd.
LILAK	Liberty Latin America Ltd.
LIND	Lindblad Expeditions Holdings, Inc.
LITE	Lumentum Holdings, Inc.
LIVN	LivaNova Plc
LIVX	LiveXLive Media, Inc.
LJPC	La Jolla Pharmaceutical Co.
LKFN	Lakeland Financial Corp. (Indiana)
LKSD	LSC Communications, Inc.
LL	Lumber Liquidators Holdings, Inc.
LLNW	Limelight Networks, Inc.
LMAT	LeMaitre Vascular, Inc.
LMNR	Limoneira Co.
LMNX	Luminex Corp.
LNDC	Landec Corp.
LNN	Lindsay Corp.
LNTH	Lantheus Holdings, Inc.
LOB	Live Oak Bancshares, Inc.
LOCO	El Pollo Loco Holdings, Inc.
LOGC	LogicBio Therapeutics, Inc.
LORL	Loral Space & Communications, Inc.
LOVE	The Lovesac Co.
LPG	Dorian LPG Ltd.
LPI	Laredo Petroleum, Inc.
LPSN	LivePerson, Inc.
LPX	Louisiana-Pacific Corp.
LQDA	Liquidia Technologies, Inc.
LQDT	Liquidity Services, Inc.
LRN	K12, Inc.
LSCC	Lattice Semiconductor Corp.
LTC	LTC Properties, Inc.
LTHM	Livent Corp.
LTRPA	Liberty TripAdvisor Holdings, Inc.
LTS	Ladenburg Thalmann Financial Services, Inc.
LTXB	LegacyTexas Financial Group, Inc.
LVGO	Livongo Health, Inc.
LXFR	Luxfer Holdings Plc
LXP	Lexington Realty Trust
LXRX	Lexicon Pharmaceuticals, Inc.
LXU	LSB Industries, Inc.
LZB	La-Z-Boy, Inc.
MANT	ManTech International Corp.
MATW	Matthews International Corp.
MATX	Matson, Inc.
MAXR	Maxar Technologies, Inc.
MBI	MBIA, Inc.
MBII	Marrone Bio Innovations, Inc.
MBIN	Merchants Bancorp (Indiana)
MBIO	Mustang Bio, Inc.
MBUU	Malibu Boats, Inc.
MBWM	Mercantile Bank Corp.
MC	Moelis & Co.
MCB	Metropolitan Bank Holding Corp.
MCBC	Macatawa Bank Corp.
MCFT	Mastercraft Boat Holdings, Inc.
MCHX	Marchex, Inc.
MCRB	Seres Therapeutics, Inc.
MCRI	Monarch Casino & Resort, Inc.
MCRN	Milacron Holdings Corp.
MCS	Marcus Corp.
MDC	M.D.C. Holdings, Inc.
MDCA	MDC Partners, Inc.
MDCO	The Medicines Co.
MDGL	Madrigal Pharmaceuticals, Inc.
MDP	Meredith Corp.
MDR	McDermott International, Inc.
MDRX	Allscripts Healthcare Solutions, Inc.
MEC	Mayville Engineering Co., Inc.
MED	Medifast, Inc.
MEDP	Medpace Holdings, Inc.
MEET	The Meet Group, Inc.
MEI	Methode Electronics, Inc.
MEIP	MEI Pharma, Inc.
MESA	Mesa Air Group, Inc.
METC	Ramaco Resources, Inc.
MFIN	Medallion Financial Corp.
MFNC	Mackinac Financial Corp.
MFSF	MutualFirst Financial, Inc.
MG	MISTRAS Group, Inc.
MGEE	MGE Energy, Inc.
MGLN	Magellan Health, Inc.
MGNX	MacroGenics, Inc.
MGPI	MGP Ingredients, Inc.
MGRC	McGrath RentCorp
MGTA	Magenta Therapeutics, Inc.
MGTX	MeiraGTx Holdings Plc
MGY	Magnolia Oil & Gas Corp.
MHO	M/I Homes, Inc.
MIK	Michaels Cos., Inc.
MINI	Mobile Mini, Inc.
MIRM	Mirum Pharmaceuticals, Inc.
MITK	Mitek Systems, Inc.
MITT	AG Mortgage Investment Trust, Inc.
MJCO	Majesco
MLAB	Mesa Laboratories, Inc.
MLHR	Herman Miller, Inc.
MLI	Mueller Industries, Inc.
MLND	Millendo Therapeutics, Inc.
MLP	Maui Land & Pineapple Co., Inc.
MLR	Miller Industries, Inc. (Tennessee)
MLVF	Malvern Bancorp, Inc.
MMAC	MMA Capital Holdings, Inc.
MMI	Marcus & Millichap, Inc.
MMS	MAXIMUS, Inc.
MMSI	Merit Medical Systems, Inc.
MNK	Mallinckrodt Plc
MNKD	MannKind Corp.
MNLO	Menlo Therapeutics, Inc.
MNOV	MediciNova, Inc.
MNR	Monmouth Real Estate Investment Corp.
MNRL	Brigham Minerals, Inc.
MNRO	Monro, Inc.
MNSB	MainStreet Bancshares, Inc.
MNTA	Momenta Pharmaceuticals, Inc.
MOBL	MobileIron, Inc.
MOD	Modine Manufacturing Co.
MODN	Model N, Inc.
MOFG	MidWestOne Financial Group, Inc.
MOG.A	Moog, Inc.
MORF	Morphic Holding, Inc.
MOV	Movado Group, Inc.
MPAA	Motorcar Parts of America, Inc.
MPB	Mid Penn Bancorp, Inc.
MPX	Marine Products Corp.
MR	Montage Resources Corp.
MRC	MRC Global, Inc.
MRCY	Mercury Systems, Inc.
MRKR	Marker Therapeutics, Inc.
MRLN	Marlin Business Services Corp.
MRNS	Marinus Pharmaceuticals, Inc.
MRSN	Mersana Therapeutics, Inc.
MRTN	Marten Transport Ltd.
MRTX	Mirati Therapeutics, Inc.
MSA	MSA Safety, Inc.
MSBI	Midland States Bancorp, Inc.
MSEX	Middlesex Water Co.
MSGN	MSG Networks, Inc.
MSON	Misonix, Inc.
MSTR	MicroStrategy, Inc.
MTDR	Matador Resources Co.
MTEM	Molecular Templates, Inc.
MTH	Meritage Homes Corp.
MTOR	Meritor, Inc.
MTRN	Materion Corp.
MTRX	Matrix Service Co.
MTSC	MTS Systems Corp.
MTSI	MACOM Technology Solutions Holdings, Inc.
MTW	The Manitowoc Co., Inc.
MTX	Minerals Technologies, Inc.
MTZ	MasTec, Inc.
MUSA	Murphy USA, Inc.
MVBF	MVB Financial Corp.
MWA	Mueller Water Products, Inc.
MXL	MaxLinear, Inc.
MYE	Myers Industries, Inc.
MYGN	Myriad Genetics, Inc.
MYOK	MyoKardia, Inc.
MYRG	MYR Group, Inc.
NANO	Nanometrics, Inc.
NAT	Nordic American Tankers Ltd.
NATH	Nathan's Famous, Inc.
NATR	Nature's Sunshine Products, Inc.
NAV	Navistar International Corp.
NBEV	New Age Beverages Corp.
NBHC	National Bank Holdings Corp.
NBN	Northeast Bank (Maine)
NBR	Nabors Industries Ltd.
NBTB	NBT Bancorp, Inc.
NC	NACCO Industries, Inc.
NCBS	Nicolet Bankshares, Inc.
NCI	Navigant Consulting, Inc.
NCMI	National CineMedia, Inc.
NCSM	NCS Multistage Holdings, Inc.
NDLS	Noodles & Co.
NE	Noble Corp. Plc
NEO	NeoGenomics, Inc.
NEOG	Neogen Corp.
NERV	Minerva Neurosciences, Inc.
NESR	National Energy Services Reunited Corp.
NEWM	New Media Investment Group, Inc.
NEXT	NextDecade Corp.
NFBK	Northfield Bancorp, Inc. (New Jersey)
NG	NovaGold Resources, Inc.
NGHC	National General Holdings Corp.
NGM	NGM Biopharmaceuticals, Inc.
NGS	Natural Gas Services Group, Inc.
NGVC	Natural Grocers by Vitamin Cottage, Inc.
NGVT	Ingevity Corp.
NHC	National HealthCare Corp.
NHI	National Health Investors, Inc.
NINE	Nine Energy Service, Inc.
NJR	New Jersey Resources Corp.
NKSH	National Bankshares, Inc.
NL	NL Industries, Inc.
NMIH	NMI Holdings, Inc.
NMRK	Newmark Group, Inc.
NNBR	NN, Inc.
NNI	Nelnet, Inc.
NODK	NI Holdings, Inc.
NOG	Northern Oil & Gas, Inc.
NOVA	Sunnova Energy International, Inc.
NOVT	Novanta, Inc.
NP	Neenah, Inc.
NPK	National Presto Industries, Inc.
NPO	EnPro Industries, Inc.
NPTN	NeoPhotonics Corp.
NR	Newpark Resources, Inc.
NRC	National Research Corp.
NRCG	NRC Group Holdings Corp.
NRIM	Northrim BanCorp, Inc.
NSA	National Storage Affiliates Trust
NSIT	Insight Enterprises, Inc.
NSP	Insperity, Inc.
NSSC	Napco Security Technologies, Inc.
NSTG	NanoString Technologies, Inc.
NTB	The Bank of N.T. Butterfield & Son Ltd.
NTCT	NetScout Systems, Inc.
NTGN	Neon Therapeutics, Inc.
NTGR	NETGEAR, Inc.
NTLA	Intellia Therapeutics, Inc.
NTRA	Natera, Inc.
NTUS	Natus Medical, Inc.
NUVA	NuVasive, Inc.
NVAX	Novavax, Inc.
NVCR	Novocure Ltd.
NVEC	NVE Corp.
NVEE	NV5 Global, Inc.
NVRO	Nevro Corp.
NVTA	Invitae Corp.
NWBI	Northwest Bancshares, Inc. (Pennsylvania)
NWE	NorthWestern Corp.
NWFL	Norwood Financial Corp.
NWLI	National Western Life Group, Inc.
NWN	Northwest Natural Holding Co.
NWPX	Northwest Pipe Co.
NX	Quanex Building Products Corp.
NXGN	NextGen Healthcare, Inc.
NXRT	NexPoint Residential Trust, Inc.
NXTC	NextCure, Inc.
NYMT	New York Mortgage Trust, Inc.
NYNY	Empire Resorts, Inc.
OAS	Oasis Petroleum, Inc.
OBNK	Origin Bancorp, Inc.
OCFC	OceanFirst Financial Corp.
OCN	Ocwen Financial Corp.
OCUL	Ocular Therapeutix, Inc.
OCX	OncoCyte Corp.
ODC	Oil-Dri Corp. of America
ODP	Office Depot, Inc.
ODT	Odonate Therapeutics, Inc.
OEC	Orion Engineered Carbons SA
OFG	OFG Bancorp
OFIX	Orthofix Medical, Inc.
OFLX	Omega Flex, Inc.
OGS	ONE Gas, Inc.
OII	Oceaneering International, Inc.
OIS	Oil States International, Inc.
OLBK	Old Line Bancshares, Inc.
OLP	One Liberty Properties, Inc.
OMCL	Omnicell, Inc.
OMER	Omeros Corp.
OMI	Owens & Minor, Inc.
OMN	OMNOVA Solutions, Inc.
ONB	Old National Bancorp
ONCE	Spark Therapeutics, Inc.
ONDK	On Deck Capital, Inc.
OOMA	Ooma, Inc.
OPB	Opus Bank
OPBK	OP Bancorp
OPI	Office Properties Income Trust
OPK	OPKO Health, Inc.
OPRX	OptimizeRx Corp.
OPTN	OptiNose, Inc.
OPY	Oppenheimer Holdings, Inc.
ORA	Ormat Technologies, Inc.
ORBC	ORBCOMM, Inc.
ORC	Orchid Island Capital, Inc.
ORGO	Organogenesis Holdings, Inc.
ORIT	Oritani Financial Corp.
ORRF	Orrstown Financial Services, Inc.
OSBC	Old Second Bancorp, Inc.
OSG	Overseas Shipholding Group, Inc.
OSIS	OSI Systems, Inc.
OSMT	Osmotica Pharmaceuticals Plc
OSPN	OneSpan, Inc.
OSTK	Overstock.com, Inc.
OSUR	OraSure Technologies, Inc.
OSW	OneSpaWorld Holdings Ltd.
OTTR	Otter Tail Corp.
OVBC	Ohio Valley Banc Corp.
OVLY	Oak Valley Bancorp
OXM	Oxford Industries, Inc.
PACB	Pacific Biosciences of California, Inc.
PACD	Pacific Drilling SA
PAHC	Phibro Animal Health Corp.
PAR	PAR Technology Corp.
PARR	Par Pacific Holdings, Inc.
PATK	Patrick Industries, Inc.
PAYS	PaySign, Inc.
PBFS	Pioneer Bancorp, Inc. (New York)
PBH	Prestige Consumer Healthcare, Inc.
PBI	Pitney Bowes, Inc.
PBIP	Prudential Bancorp, Inc.
PBPB	Potbelly Corp.
PBYI	Puma Biotechnology, Inc.
PCB	PCB Bancorp
PCH	PotlatchDeltic Corp.
PCRX	Pacira Biosciences, Inc.
PCSB	PCSB Financial Corp.
PCYO	Pure Cycle Corp.
PDCE	PDC Energy, Inc.
PDCO	Patterson Cos., Inc.
PDFS	PDF Solutions, Inc.
PDLB	PDL Community Bancorp
PDLI	PDL BioPharma, Inc.
PDM	Piedmont Office Realty Trust, Inc.
PEB	Pebblebrook Hotel Trust
PEBK	Peoples Bancorp of North Carolina, Inc.
PEBO	Peoples Bancorp, Inc. (Ohio)
PEGI	Pattern Energy Group, Inc.
PEI	Pennsylvania Real Estate Investment Trust
PENN	Penn National Gaming, Inc.
PETQ	PetIQ, Inc.
PETS	PetMed Express, Inc.
PFBC	Preferred Bank (California)
PFBI	Premier Financial Bancorp, Inc.
PFGC	Performance Food Group Co.
PFIS	Peoples Financial Services Corp.
PFNX	Pf?nex, Inc.
PFS	Provident Financial Services, Inc.
PFSI	PennyMac Financial Services, Inc.
PGC	Peapack-Gladstone Financial Corp.
PGNX	Progenics Pharmaceuticals, Inc.
PGTI	PGT Innovations, Inc.
PHAS	PhaseBio Pharmaceuticals, Inc.
PHR	Phreesia, Inc.
PHUN	Phunware, Inc.
PHX	Panhandle Oil & Gas, Inc.
PI	Impinj, Inc.
PICO	PICO Holdings, Inc.
PIRS	Pieris Pharmaceuticals, Inc.
PJC	Piper Jaffray Cos.
PJT	PJT Partners, Inc.
PKBK	Parke Bancorp, Inc.
PKD	Parker Drilling Co.
PKE	Park Aerospace Corp.
PKOH	Park-Ohio Holdings Corp.
PLAB	Photronics, Inc.
PLAY	Dave & Buster's Entertainment, Inc.
PLCE	The Children's Place, Inc.
PLMR	Palomar Holdings, Inc.
PLOW	Douglas Dynamics, Inc.
PLPC	Preformed Line Products Co.
PLSE	Pulse Biosciences, Inc.
PLT	Plantronics, Inc.
PLUG	Plug Power, Inc.
PLUS	ePlus, Inc.
PLXS	Plexus Corp.
PMBC	Pacific Mercantile Bancorp
PMT	PennyMac Mortgage Investment Trust
PNM	PNM Resources, Inc.
PNRG	PrimeEnergy Resources Corp.
PNTG	The Pennant Group, Inc.
POL	PolyOne Corp.
POR	Portland General Electric Co.
POWI	Power Integrations, Inc.
POWL	Powell Industries, Inc.
PPBI	Pacific Premier Bancorp, Inc.
PQG	PQ Group Holdings, Inc.
PRA	ProAssurance Corp.
PRAA	PRA Group, Inc.
PRFT	Perficient, Inc.
PRGS	Progress Software Corp.
PRGX	PRGX Global, Inc.
PRIM	Primoris Services Corp.
PRK	Park National Corp.
PRLB	Proto Labs, Inc.
PRMW	Primo Water Corp.
PRNB	Principia Biopharma, Inc.
PRO	PROS Holdings, Inc.
PROS	ProSight Global, Inc.
PROV	Provident Financial Holdings, Inc.
PRPL	Purple Innovation, Inc.
PRSC	Providence Service Corp.
PRSP	Perspecta, Inc.
PRTA	Prothena Corp. Plc
PRTH	Priority Technology Holdings, Inc.
PRTK	Paratek Pharmaceuticals, Inc.
PRTY	Party City Holdco, Inc.
PRVL	Prevail Therapeutics, Inc.
PSB	PS Business Parks, Inc.
PSDO	Presidio, Inc.
PSMT	PriceSmart, Inc.
PSN	Parsons Corp.
PSNL	Personalis, Inc.
PTCT	PTC Therapeutics, Inc.
PTE	PolarityTE, Inc.
PTGX	Protagonist Therapeutics, Inc.
PTLA	Portola Pharmaceuticals, Inc.
PTN	Palatin Technologies, Inc.
PTSI	P.A.M. Transportation Services, Inc.
PTVCB	Protective Insurance Corp.
PUB	People's Utah Bancorp
PUMP	ProPetro Holding Corp.
PVAC	Penn Virginia Corp.
PVBC	Provident Bancorp, Inc. (Massachusetts)
PWOD	Penns Woods Bancorp, Inc.
PYX	Pyxus International, Inc.
PZN	Pzena Investment Management, Inc.
PZZA	Papa John's International, Inc.
QADA	QAD, Inc.
QCRH	QCR Holdings, Inc.
QDEL	Quidel Corp.
QEP	QEP Resources, Inc.
QLYS	Qualys, Inc.
QNST	QuinStreet, Inc.
QTRX	Quanterix Corp.
QTS	QTS Realty Trust, Inc.
QTWO	Q2 Holdings, Inc.
QUAD	Quad/Graphics, Inc.
QUOT	Quotient Technology, Inc.
RAD	Rite Aid Corp.
RAMP	LiveRamp Holdings, Inc.
RARE	Ultragenyx Pharmaceutical, Inc.
RARX	Ra Pharmaceuticals, Inc.
RAVN	Raven Industries, Inc.
RBB	RBB Bancorp
RBBN	Ribbon Communications, Inc.
RBCAA	Republic Bancorp, Inc. (Kentucky)
RBNC	Reliant Bancorp, Inc.
RC	Ready Capital Corp.
RCII	Rent-A-Center, Inc.
RCKT	Rocket Pharmaceuticals, Inc.
RCKY	Rocky Brands, Inc.
RCM	R1 RCM, Inc.
RCUS	Arcus Biosciences, Inc.
RDFN	Redfin Corp.
RDI	Reading International, Inc.
RDN	Radian Group Inc.
RDNT	RadNet, Inc.
RDUS	Radius Health, Inc.
REAL	The RealReal, Inc.
RECN	Resources Connection, Inc.
REGI	Renewable Energy Group, Inc.
REI	Ring Energy, Inc.
REPH	Recro Pharma, Inc.
REPL	Replimune Group, Inc.
RES	RPC, Inc.
RESI	Front Yard Residential Corp.
RETA	Reata Pharmaceuticals, Inc.
REV	Revlon, Inc.
REVG	REV Group, Inc.
REX	REX American Resources Corp.
REXR	Rexford Industrial Realty, Inc.
RFL	Rafael Holdings, Inc.
RGCO	RGC Resources, Inc.
RGEN	Repligen Corp.
RGNX	REGENXBIO, Inc.
RGR	Sturm, Ruger & Co., Inc.
RGS	Regis Corp.
RH	RH
RHP	Ryman Hospitality Properties, Inc.
RICK	RCI Hospitality Holdings, Inc.
RIGL	Rigel Pharmaceuticals, Inc.
RILY	B. Riley Financial, Inc.
RLGT	Radiant Logistics, Inc.
RLGY	Realogy Holdings Corp.
RLH	Red Lion Hotels Corp.
RLI	RLI Corp.
RLJ	RLJ Lodging Trust
RM	Regional Management Corp.
RMAX	RE/MAX Holdings, Inc.
RMBI	Richmond Mutual Bancorporation, Inc.
RMBS	Rambus, Inc.
RMNI	Rimini Street, Inc.
RMR	The RMR Group, Inc.
RMTI	Rockwell Medical, Inc.
RNET	RigNet, Inc.
RNST	Renasant Corp.
ROAD	Construction Partners, Inc.
ROAN	Roan Resources, Inc.
ROCK	Gibraltar Industries, Inc.
ROG	Rogers Corp.
ROIC	Retail Opportunity Investments Corp.
ROLL	RBC Bearings, Inc.
ROSE	Rosehill Resources, Inc.
RPD	Rapid7, Inc.
RPT	RPT Realty
RRBI	Red River Bancshares, Inc.
RRD	R.R. Donnelley & Sons Co.
RRGB	Red Robin Gourmet Burgers, Inc.
RRR	Red Rock Resorts, Inc.
RRTS	Roadrunner Transportation Systems, Inc.
RST	Rosetta Stone, Inc.
RTEC	Rudolph Technologies, Inc.
RTIX	RTI Surgical Holdings, Inc.
RTRX	Retrophin, Inc.
RTW	RTW Retailwinds, Inc.
RUBI	The Rubicon Project, Inc.
RUBY	Rubius Therapeutics, Inc.
RUN	SunRun, Inc.
RUSHA	Rush Enterprises, Inc.
RUSHB	Rush Enterprises, Inc.
RUTH	Ruth's Hospitality Group, Inc.
RVI	Retail Value, Inc.
RVNC	Revance Therapeutics, Inc.
RVSB	Riverview Bancorp, Inc.
RWT	Redwood Trust, Inc.
RXN	Rexnord Corp.
RYAM	Rayonier Advanced Materials, Inc.
RYI	Ryerson Holding Corp.
RYTM	Rhythm Pharmaceuticals, Inc.
SAFE	Safehold Inc.
SAFM	Sanderson Farms, Inc.
SAFT	Safety Insurance Group, Inc.
SAH	Sonic Automotive, Inc.
SAIA	Saia, Inc.
SAIC	Science Applications International Corp.
SAIL	SailPoint Technologies Holdings, Inc.
SALT	Scorpio Bulkers, Inc.
SAM	Boston Beer Co., Inc.
SAMG	Silvercrest Asset Management Group, Inc.
SANM	Sanmina Corp.
SASR	Sandy Spring Bancorp, Inc.
SAVE	Spirit Airlines, Inc.
SB	Safe Bulkers, Inc.
SBBP	Strongbridge Biopharma Plc
SBBX	SB One Bancorp
SBCF	Seacoast Banking Corp. of Florida
SBH	Sally Beauty Holdings, Inc.
SBOW	SilverBow Resources, Inc.
SBRA	Sabra Health Care REIT, Inc.
SBSI	Southside Bancshares, Inc.
SBT	Sterling Bancorp, Inc. (Michigan)
SCHL	Scholastic Corp.
SCHN	Schnitzer Steel Industries, Inc.
SCL	Stepan Co.
SCOR	comScore, Inc.
SCS	Steelcase, Inc.
SCSC	ScanSource, Inc.
SCU	Sculptor Capital Management, Inc.
SCVL	Shoe Carnival, Inc.
SCWX	SecureWorks Corp.
SD	SandRidge Energy, Inc.
SDRL	Seadrill Ltd.
SEAS	SeaWorld Entertainment, Inc.
SEM	Select Medical Holdings Corp.
SEMG	SemGroup Corporation
SENEA	Seneca Foods Corp.
SENS	Senseonics Holdings, Inc.
SF	Stifel Financial Corp.
SFBS	ServisFirst Bancshares, Inc.
SFE	Safeguard Scientifics, Inc.
SFIX	Stitch Fix, Inc.
SFL	SFL Corp. Ltd.
SFNC	Simmons First National Corp.
SFST	Southern First Bancshares, Inc.
SGA	Saga Communications, Inc.
SGC	Superior Group of Cos., Inc.
SGH	SMART Global Holdings, Inc.
SGMO	Sangamo Therapeutics, Inc.
SGMS	Scientific Games Corp.
SGRY	Surgery Partners, Inc.
SHAK	Shake Shack, Inc.
SHBI	Shore Bancshares, Inc.
SHEN	Shenandoah Telecommunications Co. (Virginia)
SHO	Sunstone Hotel Investors, Inc.
SHOO	Steven Madden Ltd.
SHSP	SharpSpring, Inc.
SIBN	SI-BONE, Inc.
SIC	Select Interior Concepts, Inc.
SIEB	Siebert Financial Corp.
SIEN	Sientra, Inc.
SIG	Signet Jewelers Ltd.
SIGA	SIGA Technologies, Inc.
SIGI	Selective Insurance Group, Inc.
SILK	Silk Road Medical, Inc.
SITE	SiteOne Landscape Supply, Inc.
SJI	South Jersey Industries, Inc.
SJW	SJW Group
SKT	Tanger Factory Outlet Centers, Inc.
SKY	Skyline Champion Corp.
SKYW	Sky West, Inc.
SLAB	Silicon Laboratories, Inc.
SLCA	U.S. Silica Holdings, Inc.
SLCT	Select Bancorp, Inc.
SLDB	Solid Biosciences, Inc.
SLP	Simulations Plus, Inc.
SM	SM Energy Co.
SMBC	Southern Missouri Bancorp, Inc.
SMBK	SmartFinancial, Inc.
SMHI	Seacor Marine Holdings, Inc.
SMMF	Summit Financial Group, Inc. (West Virginia)
SMP	Standard Motor Products, Inc.
SMPL	The Simply Good Foods Co.
SMTC	Semtech Corp.
SNBR	Sleep Number Corp.
SNCR	Synchronoss Technologies, Inc.
SND	Smart Sand, Inc.
SNDX	Syndax Pharmaceuticals, Inc.
SNH	Senior Housing Properties Trust
SNR	New Senior Investment Group, Inc.
SOI	Solaris Oilfield Infrastructure, Inc.
SOLY	Soliton, Inc. /Tx/
SONA	Southern National Bancorp of Virginia, Inc.
SONM	Sonim Technologies, Inc.
SONO	Sonos, Inc.
SP	SP Plus Corp.
SPAR	Spartan Motors, Inc.
SPFI	South Plains Financial, Inc. (Texas)
SPKE	Spark Energy, Inc.
SPNE	SeaSpine Holdings Corp.
SPOK	Spok Holdings, Inc.
SPPI	Spectrum Pharmaceuticals, Inc.
SPRO	Spero Therapeutics, Inc.
SPSC	SPS Commerce, Inc.
SPTN	SpartanNash Co.
SPWH	Sportsman's Warehouse Holdings, Inc.
SPWR	SunPower Corp.
SPXC	SPX Corp.
SR	Spire, Inc. (Missouri)
SRCE	1st Source Corp.
SRCI	SRC Energy, Inc.
SRDX	SurModics, Inc.
SRG	Seritage Growth Properties
SRI	Stoneridge, Inc.
SRNE	Sorrento Therapeutics, Inc.
SRRK	Scholar Rock Holding Corp.
SRT	Startek, Inc.
SSB	South State Corp.
SSD	Simpson Manufacturing Co., Inc.
SSP	The E.W. Scripps Co.
SSTI	ShotSpotter, Inc.
SSTK	Shutterstock, Inc.
SSYS	Stratasys Ltd.
STAA	STAAR Surgical Co.
STAG	STAG Industrial, Inc.
STAR	iStar, Inc.
STBA	S&T Bancorp, Inc.
STC	Stewart Information Services Corp.
STFC	State Auto Financial Corp.
STIM	Neuronetics, Inc.
STML	Stemline Therapeutics, Inc.
STMP	Stamps.com, Inc.
STNG	Scorpio Tankers, Inc.
STOK	Stoke Therapeutics, Inc.
STRA	Strategic Education, Inc.
STRL	Sterling Construction Co., Inc.
STRO	Sutro Biopharma, Inc.
STRS	Stratus Properties, Inc.
STXB	Spirit of Texas Bancshares, Inc.
SUM	Summit Materials, Inc.
SUPN	Supernus Pharmaceuticals, Inc.
SVMK	SVMK, Inc.
SVRA	Savara, Inc.
SWAV	Shockwave Medical, Inc.
SWM	Schweitzer-Mauduit International, Inc.
SWN	Southwestern Energy Co.
SWX	Southwest Gas Holdings, Inc.
SXC	SunCoke Energy, Inc.
SXI	Standex International Corp.
SXT	Sensient Technologies Corp.
SYBT	Stock Yards Bancorp, Inc.
SYBX	Synlogic, Inc.
SYKE	Sykes Enterprises, Inc.
SYNA	Synaptics, Inc.
SYNH	Syneos Health, Inc.
SYNL	Synalloy Corp.
SYRS	Syros Pharmaceuticals, Inc.
SYX	Systemax, Inc.
TACO	Del Taco Restaurants, Inc.
TALO	Talos Energy, Inc.
TAST	Carrols Restaurant Group, Inc.
TBBK	The Bancorp, Inc. (Delaware)
TBI	TrueBlue, Inc.
TBIO	Translate Bio, Inc.
TBK	Triumph Bancorp, Inc.
TBNK	Territorial Bancorp, Inc.
TBPH	Theravance Biopharma, Inc.
TCBK	TriCo Bancshares
TCDA	Tricida, Inc.
TCFC	The Community Financial Corp. (Maryland)
TCI	Transcontinental Realty Investors, Inc.
TCMD	Tactile Systems Technology, Inc.
TCRR	TCR2 Therapeutics, Inc.
TCS	The Container Store Group, Inc.
TCX	Tucows, Inc.
TDOC	Teladoc Health, Inc.
TDW	Tidewater, Inc.
TECD	Tech Data Corp.
TELL	Tellurian, Inc.
TEN	Tenneco, Inc.
TENB	Tenable Holdings, Inc.
TERP	TerraForm Power, Inc.
TESS	TESSCO Technologies, Inc.
TEUM	Pareteum Corp.
TEX	Terex Corp.
TG	Tredegar Corp.
TGH	Textainer Group Holdings Ltd.
TGI	Triumph Group, Inc.
TGNA	TEGNA, Inc.
TGTX	TG Therapeutics, Inc.
TH	Target Hospitality Corp.
THC	Tenet Healthcare Corp.
THFF	First Financial Corp. (Indiana)
THOR	Synthorx, Inc.
THR	Thermon Group Holdings, Inc.
THRM	Gentherm, Inc.
TILE	Interface, Inc.
TIPT	Tiptree, Inc.
TISI	Team, Inc.
TITN	Titan Machinery, Inc.
TIVO	TiVo Corp.
TK	Teekay Corp.
TLRA	Telaria, Inc.
TLRD	Tailored Brands, Inc.
TLYS	Tilly's, Inc.
TMDX	TransMedics Group, Inc.
TMHC	Taylor Morrison Home Corp.
TMP	Tompkins Financial Corp.
TMST	TimkenSteel Corp.
TNAV	TeleNav, Inc.
TNC	Tennant Co.
TNDM	Tandem Diabetes Care, Inc.
TNET	TriNet Group, Inc.
TNK	Teekay Tankers Ltd.
TOCA	Tocagen, Inc.
TORC	resTORbio, Inc.
TOWN	TowneBank
TPB	Turning Point Brands, Inc.
TPC	Tutor Perini Corp.
TPCO	Tribune Publishing Co.
TPH	TRI Pointe Group, Inc.
TPIC	TPI Composites, Inc.
TPRE	Third Point Reinsurance Ltd.
TPTX	Turning Point Therapeutics, Inc.
TR	Tootsie Roll Industries, Inc.
TRC	Tejon Ranch Co.
TREC	Trecora Resources
TREX	Trex Co., Inc.
TRHC	Tabula Rasa Healthcare, Inc.
TRMK	Trustmark Corp.
TRNO	Terreno Realty Corp.
TRNS	Transcat, Inc.
TROX	Tronox Holdings Plc
TRS	TriMas Corp.
TRST	TrustCo Bank Corp. NY
TRTN	Triton International Ltd.
TRTX	TPG RE Finance Trust, Inc.
TRUE	TrueCar, Inc.
TRUP	Trupanion, Inc.
TRWH	Twin River Worldwide Holdings, Inc.
TRXC	TransEnterix, Inc.
TSBK	Timberland Bancorp, Inc. (Washington)
TSC	TriState Capital Holdings, Inc.
TSE	Trinseo SA
TTEC	TTEC Holdings, Inc.
TTEK	Tetra Tech, Inc.
TTGT	TechTarget, Inc.
TTI	TETRA Technologies, Inc.
TTMI	TTM Technologies, Inc.
TTS	Tile Shop Holdings, Inc.
TUP	Tupperware Brands Corp.
TUSK	Mammoth Energy Services, Inc.
TVTY	Tivity Health, Inc.
TWI	Titan International, Inc.
TWIN	Twin Disc, Inc.
TWNK	Hostess Brands, Inc.
TWST	Twist Bioscience Corp.
TXMD	TherapeuticsMD, Inc.
TXRH	Texas Roadhouse, Inc.
TYME	Tyme Technologies, Inc.
TYPE	Monotype Imaging Holdings, Inc.
TZOO	Travelzoo Inc.
UBA	Urstadt Biddle Properties, Inc.
UBFO	United Security Bancshares (California)
UBNK	United Financial Bancorp, Inc.
UBSI	United Bankshares, Inc. (West Virginia)
UBX	Unity Biotechnology, Inc.
UCBI	United Community Banks, Inc.
UCFC	United Community Financial Corp.
UCTT	Ultra Clean Holdings, Inc.
UE	Urban Edge Properties
UEC	Uranium Energy Corp.
UEIC	Universal Electronics, Inc.
UFCS	United Fire Group, Inc.
UFI	Unifi, Inc.
UFPI	Universal Forest Products, Inc.
UFPT	UFP Technologies, Inc.
UHT	Universal Health Realty Income Trust
UIHC	United Insurance Holdings Corp.
UIS	Unisys Corp.
ULH	Universal Logistics Holdings, Inc.
UMBF	UMB Financial Corp.
UMH	UMH Properties, Inc.
UNB	Union Bankshares, Inc. (Vermont)
UNF	UniFirst Corp.
UNFI	United Natural Foods, Inc.
UNIT	Uniti Group, Inc.
UNT	Unit Corp.
UNTY	Unity Bancorp, Inc.
UPLD	Upland Software, Inc.
UPWK	Upwork, Inc.
URGN	UroGen Pharma Ltd.
USCR	U.S. Concrete, Inc.
USLM	United States Lime & Minerals, Inc.
USNA	USANA Health Sciences, Inc.
USPH	U.S. Physical Therapy, Inc.
USWS	US Well Services, Inc.
USX	US Xpress Enterprises, Inc.
UTL	UNITIL Corp.
UTMD	Utah Medical Products, Inc.
UUUU	Energy Fuels, Inc.
UVE	Universal Insurance Holdings, Inc.
UVSP	Univest Financial Corp.
UVV	Universal Corp.
VAC	Marriott Vacations Worldwide Corp.
VALU	Value Line, Inc.
VAPO	Vapotherm, Inc.
VBIV	VBI Vaccines, Inc.
VBTX	Veritex Holdings, Inc.
VC	Visteon Corp.
VCEL	Vericel Corp.
VCRA	Vocera Communications, Inc.
VCYT	Veracyte, Inc.
VEC	Vectrus, Inc.
VECO	Veeco Instruments, Inc.
VG	Vonage Holdings Corp.
VGR	Vector Group Ltd.
VHC	VirnetX Holding Corp.
VHI	Valhi, Inc.
VIAV	Viavi Solutions, Inc.
VICR	Vicor Corp.
VIVO	Meridian Bioscience, Inc.
VKTX	Viking Therapeutics, Inc.
VLGEA	Village Super Market, Inc.
VLY	Valley National Bancorp
VNCE	Vince Holding Corp.
VNDA	Vanda Pharmaceuticals, Inc.
VPG	Vishay Precision Group, Inc.
VRA	Vera Bradley, Inc.
VRAY	ViewRay, Inc.
VRCA	Verrica Pharmaceuticals, Inc.
VREX	Varex Imaging Corp.
VRNS	Varonis Systems, Inc.
VRNT	Verint Systems, Inc.
VRRM	Verra Mobility Corp.
VRS	Verso Corp.
VRTS	Virtus Investment Partners, Inc.
VRTU	Virtusa Corp.
VRTV	Veritiv Corp.
VSEC	VSE Corp.
VSH	Vishay Intertechnology, Inc.
VSLR	Vivint Solar, Inc.
VSTO	Vista Outdoor, Inc.
VVI	Viad Corp.
VYGR	Voyager Therapeutics, Inc.
WAAS	AquaVenture Holdings Ltd.
WABC	Westamerica Bancorporation
WAFD	Washington Federal, Inc.
WAIR	Wesco Aircraft Holdings, Inc.
WASH	Washington Trust Bancorp, Inc.
WATT	Energous Corp.
WBT	Welbilt, Inc.
WD	Walker & Dunlop, Inc.
WDFC	WD-40 Co.
WDR	Waddell & Reed Financial, Inc.
WERN	Werner Enterprises, Inc.
WETF	WisdomTree Investments, Inc.
WEYS	Weyco Group, Inc.
WGO	Winnebago Industries, Inc.
WHD	Cactus, Inc.
WHG	Westwood Holdings Group, Inc.
WIFI	Boingo Wireless, Inc.
WINA	Winmark Corp.
WING	Wingstop, Inc.
WIRE	Encore Wire Corp. (Delaware)
WK	Workiva, Inc.
WLDN	Willdan Group, Inc.
WLFC	Willis Lease Finance Corp.
WLH	William Lyon Homes, Inc.
WLL	Whiting Petroleum Corp.
WMC	Western Asset Mortgage Capital Corp.
WMGI	Wright Medical Group NV
WMK	Weis Markets, Inc.
WMS	Advanced Drainage Systems, Inc.
WNC	Wabash National Corp.
WNEB	Western New England Bancorp, Inc.
WOR	Worthington Industries, Inc.
WOW	WideOpenWest, Inc.
WPG	Washington Prime Group, Inc.
WRE	Washington Real Estate Investment Trust
WRLD	World Acceptance Corp.
WRTC	Wrap Technologies, Inc.
WSBC	WesBanco, Inc.
WSBF	Waterstone Financial, Inc.
WSC	Willscot Corp.
WSFS	WSFS Financial Corp.
WSR	Whitestone REIT
WTBA	West Bancorporation, Inc.
WTI	W&T Offshore, Inc.
WTRE	Watford Holdings Ltd.
WTRH	Waitr Holdings, Inc.
WTS	Watts Water Technologies, Inc.
WTTR	Select Energy Services, Inc.
WVE	Wave Life Sciences Ltd.
WW	WW International, Inc.
WWW	Wolverine World Wide, Inc.
XAN	Exantas Capital Corp.
XBIT	XBiotech, Inc.
XELA	Exela Technologies, Inc.
XENT	Intersect ENT, Inc.
XERS	Xeris Pharmaceuticals, Inc.
XFOR	X4 Pharmaceuticals, Inc.
XHR	Xenia Hotels & Resorts, Inc.
XLRN	Acceleron Pharma, Inc.
XNCR	Xencor, Inc.
XOG	Extraction Oil & Gas, Inc.
XON	Intrexon Corp.
XPER	Xperi Corp.
XXII	22nd Century Group, Inc.
YCBD	cbdMD, Inc.
YELP	Yelp, Inc.
YETI	YETI Holdings, Inc.
YEXT	Yext, Inc.
YGYI	Youngevity International, Inc.
YMAB	Y-mAbs Therapeutics, Inc.
YORW	York Water Co.
YRCW	YRC Worldwide, Inc.
ZAGG	Zagg, Inc.
ZEUS	Olympic Steel, Inc.
ZGNX	Zogenix, Inc.
ZIOP	ZIOPHARM Oncology, Inc.
ZIXI	Zix Corp.
ZUMZ	Zumiez, Inc.
ZUO	Zuora, Inc.
ZYNE	Zynerba Pharmaceuticals, Inc.
ZYXI	Zynex, Inc.
